date,tavg,tmin,tmax,prcp,wdir,wspd,pres
2022-01-01,26.0,21.0,32.0,0.0,74,8.3,1011.4
2022-01-02,26.8,22.0,32.0,0.0,95,7.1,1012.2
2022-01-03,27.2,23.0,32.0,0.0,81,7.1,1012.7
2022-01-04,28.0,23.0,34.0,0.0,54,11.2,1012.1
2022-01-05,27.0,21.0,32.0,0.0,57,11.0,1010.5
2022-01-06,25.8,21.0,31.0,0.0,68,8.0,1011.1
2022-01-07,26.2,22.0,32.0,0.0,37,7.4,1012.7
2022-01-08,26.3,20.0,33.0,0.0,71,7.6,1014.4
2022-01-09,26.9,20.0,34.0,0.0,63,7.9,1014.5
2022-01-10,27.2,20.0,34.0,0.0,31,8.6,1013.8
2022-01-11,27.6,22.0,34.0,0.0,37,11.8,1014.2
2022-01-12,28.2,24.0,35.0,0.0,15,13.5,1013.8
2022-01-13,27.1,22.0,34.0,0.0,13,10.2,1013.6
2022-01-14,26.1,21.0,32.0,0.0,61,9.0,1013.3
2022-01-15,25.6,22.0,30.0,0.0,344,8.1,1013.4
2022-01-16,25.4,19.0,32.0,0.0,46,7.7,1013.1
2022-01-17,26.8,21.0,34.0,0.0,2,12.4,1012.9
2022-01-18,26.2,21.0,33.0,0.0,10,12.0,1012.7
2022-01-19,26.3,22.0,33.0,0.0,18,11.9,1011.6
2022-01-20,26.1,21.0,33.0,0.0,5,9.4,1011.0
2022-01-21,26.5,21.0,33.0,0.0,359,9.1,1011.5
2022-01-22,26.9,21.0,34.0,0.0,24,8.6,1011.8
2022-01-23,27.0,21.0,35.0,0.0,53,9.7,1010.7
2022-01-24,26.3,21.0,34.0,0.0,8,8.7,1010.6
2022-01-25,25.7,21.0,31.0,0.0,100,7.9,1011.6
2022-01-26,26.1,22.0,32.0,0.0,2,7.9,1012.3
2022-01-27,26.3,19.0,34.0,0.0,61,8.2,1012.9
2022-01-28,26.3,21.0,32.0,0.0,79,8.3,1013.1
2022-01-29,27.8,22.0,34.0,0.0,33,10.5,1013.3
2022-01-30,27.6,24.0,34.0,0.0,13,17.3,1013.9
2022-01-31,26.0,22.0,32.0,0.0,19,11.0,1012.9
2022-02-01,25.2,20.0,31.0,0.0,150,7.4,1011.4
2022-02-02,25.3,21.0,31.0,0.0,97,7.8,1011.0
2022-02-03,25.6,20.0,31.0,0.0,63,7.7,1012.4
2022-02-04,25.9,18.0,33.0,0.0,128,8.9,1013.5
2022-02-05,26.9,21.0,33.0,0.0,51,9.1,1012.9
2022-02-06,27.8,23.0,34.0,0.0,34,12.3,1012.3
2022-02-07,27.8,24.0,33.0,0.0,17,10.3,1012.6
2022-02-08,26.5,20.0,34.0,0.0,16,9.9,1012.6
2022-02-09,27.7,23.0,34.0,0.0,23,13.1,1011.3
2022-02-10,27.4,23.0,33.0,0.0,349,11.4,1011.0
2022-02-11,26.9,22.0,33.0,0.0,63,9.4,1010.3
2022-02-12,27.4,21.0,34.0,0.0,108,7.9,1010.8
2022-02-13,27.6,23.0,33.0,0.0,78,9.2,1011.3
2022-02-14,29.1,26.0,33.0,0.0,20,21.1,1013.0
2022-02-15,28.4,24.0,35.0,0.0,23,19.2,1012.9
2022-02-16,28.1,23.0,35.0,0.0,35,14.7,1012.8
2022-02-17,26.6,19.0,34.0,0.0,68,9.1,1012.1
2022-02-18,26.7,21.0,33.0,0.0,64,7.9,1012.0
2022-02-19,28.5,21.0,38.0,0.0,34,12.1,1011.9
2022-02-20,28.5,23.0,35.0,0.0,60,11.7,1012.4
2022-02-21,28.4,23.0,35.0,0.0,30,12.8,1011.8
2022-02-22,27.7,21.0,35.0,0.0,37,11.0,1012.0
2022-02-23,26.8,20.0,33.0,0.0,93,8.1,1012.1
2022-02-24,26.5,20.0,33.0,0.0,93,9.1,1012.1
2022-02-25,27.5,23.0,33.0,0.0,104,10.6,1012.8
2022-02-26,27.5,23.0,33.0,0.0,58,8.4,1013.5
2022-02-27,28.2,23.0,34.0,0.0,353,11.4,1013.2
2022-02-28,28.2,22.0,35.0,0.0,37,12.3,1012.8
2022-03-01,29.1,26.0,35.0,0.0,13,15.0,1012.3
2022-03-02,28.6,25.0,36.0,0.0,359,14.2,1012.8
2022-03-03,28.5,24.0,35.0,0.0,337,14.4,1012.3
2022-03-04,28.9,23.0,36.0,0.0,2,11.8,1012.7
2022-03-05,28.3,22.0,34.0,0.0,27,11.2,1012.2
2022-03-06,26.5,20.0,32.0,0.0,81,9.1,1012.7
2022-03-07,27.7,22.0,33.0,0.0,154,10.3,1011.7
2022-03-08,27.8,24.0,32.0,0.0,170,10.7,1010.8
2022-03-09,27.2,24.0,32.0,0.0,307,10.1,1011.0
2022-03-10,27.0,23.0,32.0,0.0,271,8.1,1011.6
2022-03-11,26.8,23.0,31.0,0.0,254,8.9,1007.5
2022-03-12,27.4,23.0,32.0,0.0,288,9.1,1011.8
2022-03-13,28.2,20.0,36.0,0.0,40,10.8,1012.4
2022-03-14,29.6,26.0,34.0,0.0,346,11.5,1012.7
2022-03-15,28.3,24.0,33.0,0.0,60,10.8,1012.6
2022-03-16,28.6,24.0,33.0,0.0,320,11.1,1011.5
2022-03-17,27.6,23.0,33.0,0.0,34,9.2,1011.2
2022-03-18,27.9,24.0,32.0,0.0,327,9.9,1011.2
2022-03-19,28.7,24.0,34.0,0.0,103,7.6,1011.0
2022-03-20,29.1,26.0,33.0,0.0,140,8.5,1011.0
2022-03-21,29.0,24.0,34.0,0.0,85,8.8,1010.2
2022-03-22,27.4,22.0,33.0,0.0,205,9.0,1009.7
2022-03-23,27.9,22.0,33.0,0.0,284,11.6,1010.0
2022-03-24,28.3,25.0,33.0,0.0,145,8.1,1010.0
2022-03-25,28.5,23.0,35.0,0.0,29,11.4,1010.7
2022-03-26,29.2,25.0,36.0,0.0,4,14.0,1010.7
2022-03-27,28.6,24.0,34.0,0.0,42,13.0,1011.0
2022-03-28,28.4,23.0,35.0,0.0,24,10.3,1011.7
2022-03-29,28.4,25.0,33.0,0.0,166,8.0,1011.3
2022-03-30,26.1,23.0,30.0,0.0,310,8.0,1010.4
2022-03-31,27.0,22.0,32.0,0.0,167,7.9,1009.5
2022-04-01,27.3,21.0,33.0,0.0,123,8.1,1010.6
2022-04-02,28.8,26.0,33.0,0.0,188,8.8,1010.7
2022-04-03,28.6,26.0,32.0,0.0,227,10.2,1009.8
2022-04-04,27.5,25.0,33.0,0.0,209,8.1,1009.5
2022-04-05,28.0,23.0,33.0,0.0,111,7.7,1009.6
2022-04-06,28.3,23.0,34.0,0.0,100,7.6,1009.4
2022-04-07,28.8,23.0,34.0,0.0,168,7.9,1009.6
2022-04-08,28.6,24.0,34.0,0.0,129,7.6,1010.9
2022-04-09,30.3,24.0,38.0,0.0,11,14.5,1011.0
2022-04-10,29.7,26.0,35.0,0.0,32,12.4,1010.3
2022-04-11,28.8,23.0,35.0,0.0,38,8.7,1010.0
2022-04-12,28.4,23.0,34.0,0.0,131,8.1,1009.8
2022-04-13,27.9,23.0,33.0,0.0,105,8.7,1009.3
2022-04-14,28.4,23.0,33.0,0.0,231,9.0,1009.1
2022-04-15,29.2,26.0,33.0,0.0,161,9.5,1009.3
2022-04-16,28.9,27.0,34.0,0.0,125,8.3,1009.6
2022-04-17,28.3,24.0,32.0,0.0,264,9.5,1009.5
2022-04-18,27.8,24.0,32.0,0.0,156,8.7,1010.4
2022-04-19,27.9,22.0,35.0,0.0,107,6.9,1011.4
2022-04-20,28.4,24.0,33.0,0.0,306,8.3,1012.0
2022-04-21,27.8,24.0,32.0,0.0,99,8.6,1012.7
2022-04-22,27.8,23.0,33.0,0.0,74,8.9,1012.2
2022-04-23,28.3,24.0,33.0,0.0,56,9.7,1010.5
2022-04-24,28.0,25.0,32.0,0.0,152,8.1,1009.8
2022-04-25,28.3,23.0,33.0,0.0,298,9.2,1010.0
2022-04-26,28.8,24.0,33.0,0.0,136,9.2,1010.4
2022-04-27,29.3,25.0,34.0,0.0,49,9.9,1009.9
2022-04-28,28.2,25.0,33.0,0.0,67,9.2,1009.6
2022-04-29,28.3,25.0,33.0,0.0,308,7.7,1009.1
2022-04-30,28.0,25.0,32.0,0.0,170,7.9,1009.5
2022-05-01,29.1,26.0,33.0,0.0,259,8.5,1009.9
2022-05-02,28.8,26.0,34.0,0.0,214,8.2,1010.1
2022-05-03,30.0,26.0,35.0,0.0,79,10.7,1009.8
2022-05-04,27.9,23.0,33.0,0.0,241,9.3,1010.5
2022-05-05,27.2,22.0,33.0,0.0,97,6.8,1011.8
2022-05-06,26.3,24.0,30.0,0.0,60,6.4,1012.5
2022-05-07,27.6,24.0,32.0,0.0,134,7.2,1011.2
2022-05-08,28.3,24.0,33.0,0.0,125,6.8,1010.3
2022-05-09,28.5,24.0,32.0,0.0,299,7.8,1010.3
2022-05-10,28.1,25.0,32.0,0.0,204,7.6,1010.5
2022-05-11,28.4,23.0,35.0,0.0,20,8.0,1009.7
2022-05-12,28.3,23.0,33.0,0.0,51,8.0,1009.2
2022-05-13,28.3,23.0,35.0,0.0,39,9.7,1009.6
2022-05-14,28.6,23.0,34.0,0.0,327,9.2,1010.1
2022-05-15,28.6,23.0,33.0,0.0,312,7.9,1010.1
2022-05-16,27.8,23.0,33.0,0.0,117,7.5,1011.4
2022-05-17,28.4,24.0,34.0,0.0,81,6.7,1012.8
2022-05-18,28.2,25.0,32.0,0.0,150,6.2,1013.3
2022-05-19,26.3,24.0,30.0,0.0,78,6.9,1011.7
2022-05-20,26.1,23.0,30.0,0.0,109,6.5,1011.9
2022-05-21,27.1,25.0,30.0,0.0,99,6.8,1013.2
2022-05-22,27.0,24.0,30.0,0.0,89,6.7,1013.5
2022-05-23,26.8,24.0,31.0,0.0,84,7.1,1011.0
2022-05-24,26.8,23.0,31.0,25.2,104,6.2,1009.6
2022-05-25,27.0,24.0,31.0,27.7,78,7.8,1010.6
2022-05-26,26.8,23.0,31.0,0.0,111,9.9,1011.5
2022-05-27,27.2,24.0,31.0,0.0,307,8.3,1011.5
2022-05-28,27.2,23.0,32.0,6.1,66,8.9,1010.0
2022-05-29,26.5,23.0,31.0,9.2,105,7.4,1009.5
2022-05-30,26.5,24.0,30.0,12.3,98,5.8,1009.9
2022-05-31,27.3,24.0,31.0,3.2,134,6.5,1010.0
2022-06-01,27.2,24.0,30.0,4.4,263,11.2,1009.5
2022-06-02,27.1,23.0,31.0,2.0,264,13.5,1009.7
2022-06-03,25.3,23.0,28.0,22.5,86,4.7,1010.0
2022-06-04,26.8,23.0,30.0,5.4,98,7.1,1009.9
2022-06-05,24.9,24.0,26.0,40.9,78,8.3,1010.3
2022-06-06,24.5,23.0,27.0,36.7,75,6.5,1010.8
2022-06-07,25.8,23.0,30.0,4.6,294,6.8,1011.3
2022-06-08,26.2,24.0,30.0,3.5,94,7.7,1011.0
2022-06-09,26.0,21.0,31.0,22.0,81,7.6,1011.4
2022-06-10,26.1,22.0,31.0,23.2,27,8.1,1011.3
2022-06-11,26.3,23.0,31.0,30.9,272,6.9,1010.5
2022-06-12,26.3,23.0,32.0,20.2,16,6.5,1011.0
2022-06-13,26.0,24.0,29.0,28.5,63,7.3,1010.4
2022-06-14,24.4,23.0,26.0,60.1,76,10.2,1010.5
2022-06-15,25.1,22.0,30.0,23.0,96,6.6,1010.3
2022-06-16,24.5,22.0,27.0,18.4,54,6.1,1011.7
2022-06-17,26.2,23.0,31.0,14.5,82,9.2,1010.2
2022-06-18,24.5,24.0,26.0,5.5,83,9.1,1010.7
2022-06-19,26.0,22.0,30.0,5.4,91,6.2,1010.7
2022-06-20,26.1,23.0,29.0,16.7,101,5.5,1011.8
2022-06-21,25.3,23.0,30.0,14.1,67,5.7,1012.8
2022-06-22,25.0,22.0,30.0,5.0,222,8.7,1010.6
2022-06-23,26.4,22.0,31.0,0.1,214,7.2,1010.2
2022-06-24,26.3,22.0,31.0,12.6,144,8.0,1011.3
2022-06-25,26.6,22.0,32.0,25.7,54,6.5,1012.0
2022-06-26,25.7,24.0,30.0,9.3,159,5.9,1013.1
2022-06-27,26.7,22.0,32.0,5.5,99,6.3,1013.2
2022-06-28,27.0,24.0,31.0,3.9,239,9.4,1013.5
2022-06-29,27.4,23.0,31.0,1.3,251,7.4,1013.2
2022-06-30,28.0,24.0,33.0,0.0,38,7.1,1012.3
2022-07-01,28.1,23.0,34.0,0.0,28,8.0,1010.2
2022-07-02,27.0,23.0,33.0,22.6,36,6.7,1008.6
2022-07-03,26.7,24.0,30.0,21.9,102,8.0,1011.8
2022-07-04,27.2,23.0,31.0,8.3,293,8.6,1012.0
2022-07-05,27.9,25.0,33.0,16.7,29,8.8,1010.8
2022-07-06,27.6,24.0,32.0,24.4,74,7.1,1011.2
2022-07-07,27.9,25.0,31.0,5.4,304,8.4,1010.9
2022-07-08,29.0,25.0,34.0,10.7,27,9.1,1011.4
2022-07-09,28.1,23.0,32.0,1.6,93,7.4,1012.8
2022-07-10,27.7,23.0,32.0,14.1,2,7.4,1012.3
2022-07-11,26.2,23.0,31.0,9.1,334,10.7,1011.5
2022-07-12,26.9,23.0,32.0,3.3,117,6.7,1011.0
2022-07-13,26.5,23.0,32.0,30.1,93,6.1,1011.8
2022-07-14,27.3,24.0,32.0,9.1,99,6.5,1012.5
2022-07-15,27.6,24.0,32.0,0.2,101,5.9,1012.5
2022-07-16,27.6,24.0,32.0,0.0,75,8.6,1011.8
2022-07-17,28.1,24.0,32.0,0.0,94,7.2,1010.6
2022-07-18,28.0,23.0,32.0,1.1,324,7.6,1011.2
2022-07-19,28.3,24.0,34.0,8.6,75,6.6,1011.1
2022-07-20,28.7,25.0,34.0,0.0,25,9.4,1010.7
2022-07-21,28.0,24.0,32.0,2.0,295,8.6,1010.9
2022-07-22,26.2,24.0,31.0,7.6,75,7.6,1011.4
2022-07-23,26.5,23.0,31.0,41.3,57,6.6,1011.5
2022-07-24,27.4,24.0,31.0,4.5,122,6.1,1011.6
2022-07-25,27.0,22.0,32.0,3.7,132,7.7,1011.8
2022-07-26,26.3,22.0,31.0,2.2,105,7.3,1012.6
2022-07-27,26.9,23.0,31.0,21.2,64,7.6,1012.8
2022-07-28,26.8,24.0,32.0,7.2,82,5.0,1012.2
2022-07-29,27.7,24.0,32.0,4.8,106,6.5,1011.3
2022-07-30,27.9,23.0,32.0,0.9,42,8.5,1011.9
2022-07-31,26.8,23.0,31.0,3.2,314,7.5,1012.0
2022-08-01,28.3,24.0,33.0,8.7,85,8.4,1011.3
2022-08-02,27.8,23.0,34.0,3.1,32,10.2,1010.9
2022-08-03,27.3,22.0,33.0,0.0,91,9.4,1010.7
2022-08-04,27.0,23.0,32.0,0.0,45,8.0,1011.5
2022-08-05,26.4,23.0,32.0,13.5,112,7.1,1010.8
2022-08-06,27.4,23.0,32.0,13.1,82,8.2,1010.3
2022-08-07,27.0,23.0,33.0,11.5,41,10.4,1010.5
2022-08-08,26.9,23.0,32.0,12.3,62,7.3,1010.8
2022-08-09,27.0,23.0,31.0,6.8,214,7.8,1011.3
2022-08-10,27.5,23.0,32.0,7.1,47,11.8,1012.2
2022-08-11,26.3,23.0,32.0,10.1,72,8.2,1012.5
2022-08-12,27.2,22.0,31.0,11.1,67,7.7,1013.2
2022-08-13,27.2,24.0,31.0,10.0,282,9.6,1013.1
2022-08-14,26.8,23.0,30.0,24.7,246,5.9,1012.3
2022-08-15,26.5,23.0,31.0,26.6,103,8.9,1011.5
2022-08-16,26.5,22.0,32.0,4.8,81,7.6,1011.3
2022-08-17,26.8,24.0,30.0,2.2,357,6.5,1012.2
2022-08-18,26.5,24.0,31.0,1.1,1,5.5,1011.0
2022-08-19,27.4,23.0,32.0,0.0,91,6.5,1010.4
2022-08-20,27.9,22.0,33.0,3.7,57,9.5,1011.8
2022-08-21,26.8,22.0,33.0,1.8,349,10.1,1011.5
2022-08-22,27.5,23.0,32.0,0.6,105,7.7,1010.8
2022-08-23,26.3,22.0,30.0,33.2,122,6.3,1010.5
2022-08-24,25.1,23.0,30.0,9.5,50,7.8,1011.5
2022-08-25,26.0,22.0,30.0,3.5,81,7.2,1012.6
2022-08-26,27.2,23.0,31.0,11.2,328,8.5,1012.2
2022-08-27,27.6,24.0,33.0,10.3,35,7.0,1010.9
2022-08-28,25.7,22.0,29.0,0.9,48,5.9,1010.9
2022-08-29,26.9,23.0,31.0,12.4,99,7.5,1011.3
2022-08-30,26.7,24.0,31.0,2.1,91,5.8,1011.7
2022-08-31,26.3,24.0,30.0,15.1,149,6.1,1010.9
2022-09-01,26.4,23.0,30.0,16.3,98,6.2,1010.0
2022-09-02,26.6,24.0,31.0,21.3,95,7.9,1010.2
2022-09-03,26.1,23.0,31.0,8.1,64,5.4,1010.5
2022-09-04,27.2,22.0,32.0,1.1,95,7.5,1010.5
2022-09-05,27.3,22.0,33.0,12.3,75,6.3,1011.7
2022-09-06,27.1,24.0,32.0,19.2,64,10.0,1013.5
2022-09-07,27.3,24.0,31.0,12.2,269,7.6,1011.3
2022-09-08,26.5,23.0,30.0,3.9,80,7.5,1010.4
2022-09-09,27.3,24.0,31.0,9.2,74,6.3,1009.6
2022-09-10,25.0,24.0,27.0,15.3,72,6.8,1012.4
2022-09-11,26.7,23.0,31.0,4.1,54,8.1,1013.6
2022-09-12,26.4,22.0,32.0,9.0,93,6.4,1011.8
2022-09-13,26.3,23.0,30.0,15.9,85,8.1,1010.7
2022-09-14,25.9,22.0,30.0,29.9,79,6.9,1010.7
2022-09-15,27.0,24.0,31.0,21.6,85,7.3,1011.2
2022-09-16,26.5,22.0,32.0,18.3,91,8.4,1011.9
2022-09-17,26.5,22.0,30.0,9.8,281,7.2,1011.0
2022-09-18,26.9,24.0,31.0,11.3,91,6.7,1010.8
2022-09-19,25.6,24.0,30.0,14.3,47,7.1,1010.6
2022-09-20,26.0,24.0,31.0,37.6,69,8.1,1010.8
2022-09-21,25.6,24.0,30.0,40.9,107,6.4,1010.0
2022-09-22,24.4,23.0,26.0,42.7,69,8.5,1010.5
2022-09-23,25.8,24.0,29.0,8.8,59,6.7,1011.6
2022-09-24,26.5,23.0,31.0,16.5,239,8.0,1010.8
2022-09-25,26.6,23.0,30.0,12.8,262,9.0,1008.8
2022-09-26,26.0,23.0,30.0,7.3,124,6.9,1009.4
2022-09-27,26.7,24.0,30.0,1.4,20,7.4,1011.0
2022-09-28,27.0,24.0,31.0,17.8,203,6.5,1010.0
2022-09-29,26.5,25.0,30.0,2.4,334,5.6,1010.4
2022-09-30,26.2,24.0,31.0,14.9,37,6.0,1009.2
2022-10-01,26.0,23.0,31.0,9.9,44,7.0,1010.6
2022-10-02,26.3,23.0,31.0,17.3,86,6.9,1012.4
2022-10-03,26.7,23.0,31.0,4.1,298,7.6,1012.4
2022-10-04,27.3,24.0,31.0,1.7,261,7.7,1011.1
2022-10-05,27.5,24.0,33.0,0.6,304,6.2,1011.1
2022-10-06,27.9,23.0,33.0,11.6,51,7.1,1011.0
2022-10-07,27.8,24.0,33.0,3.4,5,8.7,1011.0
2022-10-08,28.5,24.0,34.0,0.4,343,9.9,1009.2
2022-10-09,27.3,24.0,30.0,37.6,328,11.2,1005.3
2022-10-10,24.7,23.0,26.0,112.1,116,13.0,1009.6
2022-10-11,26.3,23.0,31.0,8.3,11,6.3,1012.9
2022-10-12,26.6,23.0,31.0,3.2,279,7.1,1012.0
2022-10-13,26.8,24.0,30.0,8.2,99,6.3,1010.9
2022-10-14,26.7,23.0,31.0,2.8,70,6.3,1010.3
2022-10-15,27.3,23.0,31.0,13.2,99,6.9,1010.8
2022-10-16,26.5,23.0,31.0,18.7,74,6.8,1010.8
2022-10-17,25.9,23.0,31.0,5.8,75,6.2,1011.1
2022-10-18,26.3,23.0,31.0,1.3,328,7.0,1011.5
2022-10-19,27.3,23.0,31.0,11.0,219,8.1,1012.0
2022-10-20,26.8,24.0,33.0,11.0,44,7.7,1011.4
2022-10-21,27.3,24.0,33.0,9.1,352,6.6,1011.2
2022-10-22,27.2,24.0,32.0,28.4,40,8.8,1011.0
2022-10-23,27.4,23.0,32.0,8.4,318,5.9,1010.9
2022-10-24,26.9,23.0,32.0,2.3,69,6.0,1011.9
2022-10-25,26.5,23.0,31.0,0.3,178,7.2,1011.9
2022-10-26,27.5,25.0,31.0,2.0,271,7.8,1010.8
2022-10-27,27.5,24.0,33.0,0.4,74,6.2,1010.7
2022-10-28,27.1,23.0,33.0,0.0,45,6.3,1006.4
2022-10-29,27.0,24.0,31.0,0.4,329,7.9,1012.3
2022-10-30,27.1,23.0,32.0,2.1,281,6.6,1010.7
2022-10-31,27.1,24.0,33.0,0.3,15,6.7,1010.2
2022-11-01,27.3,24.0,32.0,0.1,5,7.0,1011.0
2022-11-02,26.9,22.0,32.0,0.4,289,6.8,1012.0
2022-11-03,27.4,24.0,31.0,8.1,204,6.9,1011.8
2022-11-04,26.3,22.0,31.0,1.9,99,7.0,1011.3
2022-11-05,26.5,24.0,31.0,3.0,242,7.3,1010.3
2022-11-06,26.9,24.0,31.0,3.0,214,5.7,1010.0
2022-11-07,26.6,24.0,31.0,0.5,76,6.3,1011.5
2022-11-08,26.4,23.0,32.0,3.2,53,6.6,1012.3
2022-11-09,26.8,23.0,32.0,10.2,33,7.2,1011.5
2022-11-10,25.5,21.0,30.0,0.8,92,7.0,1009.5
2022-11-11,26.0,22.0,30.0,4.8,60,7.6,1011.7
2022-11-12,26.4,23.0,31.0,0.3,72,6.5,1012.3
2022-11-13,26.6,23.0,30.0,1.0,10,6.9,1011.4
2022-11-14,27.4,22.0,33.0,0.2,328,7.7,1011.0
2022-11-15,27.9,23.0,34.0,2.2,40,8.7,1011.5
2022-11-16,27.9,24.0,34.0,0.0,66,7.0,1012.3
2022-11-17,27.6,22.0,35.0,0.0,8,9.4,1011.4
2022-11-18,28.4,24.0,34.0,7.0,10,12.5,1010.3
2022-11-19,27.0,23.0,33.0,0.0,26,7.4,1010.3
2022-11-20,26.9,23.0,34.0,2.1,5,8.2,1010.2
2022-11-21,26.8,22.0,32.0,2.8,61,6.2,1010.6
2022-11-22,27.5,23.0,33.0,0.0,31,7.6,1011.7
2022-11-23,27.0,22.0,32.0,1.2,2,7.9,1011.1
2022-11-24,27.5,22.0,33.0,0.0,13,9.1,1010.6
2022-11-25,26.7,23.0,31.0,1.6,100,6.0,1011.0
2022-11-26,26.3,22.0,31.0,12.7,90,6.8,1012.0
2022-11-27,26.1,23.0,30.0,16.5,91,6.7,1012.2
2022-11-28,25.9,22.0,31.0,15.7,34,6.7,1011.5
2022-11-29,25.7,22.0,31.0,0.0,85,6.4,1010.8
2022-11-30,25.6,21.0,31.0,0.7,79,5.8,1010.8
2022-12-01,26.8,23.0,32.0,0.0,43,7.7,1011.4
2022-12-02,27.2,23.0,33.0,0.0,31,10.4,1011.3
2022-12-03,26.6,21.0,33.0,0.2,36,6.0,1012.4
2022-12-04,26.5,22.0,33.0,0.0,358,8.1,1011.7
2022-12-05,25.8,21.0,32.0,0.0,41,9.1,1010.7
2022-12-06,25.5,20.0,32.0,0.0,38,7.9,1012.2
2022-12-07,26.2,21.0,33.0,0.0,12,8.2,1013.7
2022-12-08,26.5,21.0,33.0,0.0,13,9.8,1012.3
2022-12-09,26.3,22.0,32.0,0.0,18,9.1,1011.3
2022-12-10,26.5,22.0,32.0,0.0,8,8.7,1012.5
2022-12-11,25.6,21.0,32.0,0.0,21,7.0,1012.5
2022-12-12,25.4,21.0,31.0,0.2,18,7.1,1011.6
2022-12-13,25.3,22.0,30.0,1.2,65,5.5,1010.8
2022-12-14,25.3,22.0,30.0,0.4,82,6.9,1011.2
2022-12-15,24.9,19.0,31.0,0.0,37,7.3,1011.2
2022-12-16,25.9,20.0,33.0,0.0,8,7.0,1009.9
2022-12-17,26.1,21.0,32.0,0.0,14,6.8,1009.8
2022-12-18,26.3,23.0,32.0,0.2,51,6.3,1011.0
2022-12-19,26.0,21.0,32.0,0.0,64,8.1,1012.0
2022-12-20,26.2,21.0,33.0,0.0,9,7.8,1012.7
2022-12-21,25.8,21.0,32.0,0.0,53,6.9,1011.9
2022-12-22,25.5,20.0,31.0,0.0,67,5.9,1012.0
2022-12-23,25.6,20.0,31.0,0.0,1,7.3,1012.1
2022-12-24,27.6,23.0,34.0,0.0,35,10.2,1012.0
2022-12-25,27.5,23.0,33.0,0.0,32,12.2,1011.9
2022-12-26,27.3,21.0,33.0,0.0,25,15.0,1012.3
2022-12-27,27.4,23.0,33.0,0.0,16,15.8,1013.4
2022-12-28,26.5,23.0,32.0,0.0,18,11.8,1013.5
2022-12-29,26.3,21.0,32.0,0.0,77,7.0,1012.9
2022-12-30,25.4,21.0,31.0,0.0,102,7.8,1013.0
2022-12-31,26.1,20.0,33.0,0.0,90,5.5,1013.3
2023-01-01,27.3,23.0,33.0,0.0,107,6.7,1013.2
2023-01-02,26.6,23.0,32.0,0.0,131,6.8,1013.6
2023-01-03,25.7,21.0,31.0,0.3,72,6.6,1013.6
2023-01-04,26.2,21.0,32.0,0.0,13,7.1,1013.0
2023-01-05,26.3,21.0,33.0,0.0,60,6.7,1013.7
2023-01-06,26.2,20.0,34.0,0.0,35,10.0,1013.8
2023-01-07,27.0,23.0,33.0,0.0,355,11.5,1014.0
2023-01-08,27.7,24.0,33.0,1.0,354,10.4,1013.9
2023-01-09,26.4,22.0,33.0,0.7,22,8.6,1014.1
2023-01-10,26.9,22.0,34.0,0.5,21,9.2,1013.4
2023-01-11,26.3,21.0,32.0,0.1,27,7.6,1013.5
2023-01-12,26.4,21.0,33.0,0.0,58,7.7,1013.7
2023-01-13,28.0,23.0,33.0,1.4,26,12.0,1012.9
2023-01-14,27.7,22.0,32.0,0.0,20,20.4,1013.5
2023-01-15,25.7,19.0,33.0,0.0,9,17.4,1013.6
2023-01-16,24.3,19.0,30.0,0.0,59,7.4,1012.9
2023-01-17,24.1,18.0,30.0,0.0,122,7.4,1011.8
2023-01-18,24.6,19.0,31.0,0.0,79,6.0,1011.9
2023-01-19,25.1,19.0,32.0,0.0,44,7.2,1012.9
2023-01-20,25.9,20.0,33.0,0.0,73,5.7,1013.0
2023-01-21,25.9,21.0,32.0,0.0,81,6.8,1011.7
2023-01-22,25.3,20.0,33.0,0.0,67,7.4,1010.8
2023-01-23,25.2,19.0,31.0,0.0,55,8.3,1011.5
2023-01-24,26.1,19.0,33.0,0.0,30,9.1,1011.4
2023-01-25,26.4,20.0,32.0,0.0,8,7.3,1011.0
2023-01-26,27.4,21.0,36.0,0.4,50,9.1,1010.9
2023-01-27,29.5,25.0,37.0,0.0,33,16.2,1011.0
2023-01-28,28.8,24.0,36.0,0.0,62,12.4,1011.3
2023-01-29,27.1,22.0,35.0,0.0,36,11.2,1011.3
2023-01-30,27.0,21.0,35.0,0.0,42,8.9,1011.6
2023-01-31,26.5,20.0,35.0,0.0,65,9.2,1011.9
2023-02-01,26.3,21.0,33.0,0.0,85,6.0,1012.3
2023-02-02,26.1,19.0,34.0,0.0,77,7.8,1012.3
2023-02-03,27.1,20.0,36.0,0.0,32,9.8,1013.8
2023-02-04,27.6,21.0,35.0,0.0,34,12.6,1013.0
2023-02-05,28.2,24.0,35.0,0.0,26,13.6,1012.8
2023-02-06,28.7,25.0,34.0,0.0,4,15.6,1011.2
2023-02-07,27.8,23.0,35.0,0.0,14,13.5,1011.0
2023-02-08,26.6,21.0,33.0,0.0,78,8.4,1010.8
2023-02-09,27.0,22.0,33.0,0.0,62,8.5,1011.2
2023-02-10,27.3,21.0,33.0,0.0,103,7.5,1010.6
2023-02-11,28.1,23.0,34.0,0.0,41,10.4,1010.5
2023-02-12,29.8,26.0,36.0,0.0,14,19.8,1010.2
2023-02-13,27.7,24.0,36.0,0.0,13,16.0,1010.7
2023-02-14,26.3,22.0,32.0,0.0,7,10.0,1011.2
2023-02-15,25.9,20.0,32.0,0.0,71,7.8,1011.6
2023-02-16,26.3,20.0,34.0,0.0,66,8.7,1010.9
2023-02-17,27.0,22.0,32.0,0.1,28,8.1,1011.3
2023-02-18,31.2,26.0,38.0,0.0,44,19.3,1011.0
2023-02-19,31.1,22.0,38.0,0.0,22,18.7,1011.4
2023-02-20,30.3,25.0,38.0,0.0,17,17.2,1011.0
2023-02-21,28.0,23.0,34.0,0.0,49,9.4,1011.4
2023-02-22,26.5,23.0,32.0,0.0,94,7.5,1012.9
2023-02-23,26.7,22.0,34.0,0.0,75,8.2,1013.5
2023-02-24,26.2,18.0,35.0,0.0,87,8.3,1013.5
2023-02-25,27.0,21.0,34.0,0.0,84,7.6,1013.0
2023-02-26,26.4,21.0,34.0,0.0,83,7.6,1012.1
2023-02-27,25.9,21.0,31.0,0.0,103,7.9,1011.3
2023-02-28,26.2,21.0,31.0,0.0,62,8.6,1011.7
2023-03-01,26.8,22.0,32.0,0.0,68,8.2,1011.3
2023-03-02,26.5,21.0,32.0,0.0,151,7.9,1009.7
2023-03-03,26.5,22.0,32.0,0.0,55,6.6,1008.6
2023-03-04,26.9,20.0,33.0,0.0,130,8.2,1009.8
2023-03-05,27.7,24.0,32.0,0.0,107,8.7,1010.9
2023-03-06,28.0,23.0,35.0,0.0,110,8.9,1011.2
2023-03-07,27.3,23.0,33.0,0.3,44,7.2,1011.8
2023-03-08,26.7,21.0,33.0,0.5,88,7.4,1012.6
2023-03-09,27.2,23.0,32.0,1.5,41,7.4,1012.4
2023-03-10,26.7,23.0,32.0,0.8,5,7.6,1012.6
2023-03-11,26.9,22.0,32.0,0.8,129,9.8,1011.8
2023-03-12,26.9,22.0,32.0,0.0,329,8.9,1012.0
2023-03-13,27.1,22.0,32.0,0.0,236,8.2,1012.8
2023-03-14,27.4,22.0,33.0,0.0,350,8.5,1012.9
2023-03-15,27.7,22.0,34.0,5.8,107,7.4,1012.6
2023-03-16,27.0,22.0,32.0,0.7,111,8.1,1012.8
2023-03-17,27.5,24.0,32.0,0.6,107,6.4,1012.3
2023-03-18,28.0,23.0,33.0,2.7,206,8.2,1012.2
2023-03-19,28.2,23.0,33.0,3.4,219,8.9,1012.6
2023-03-20,28.5,23.0,34.0,1.1,90,8.3,1012.5
2023-03-21,30.1,26.0,35.0,2.3,75,11.0,1012.2
2023-03-22,29.5,24.0,37.0,0.0,84,8.9,1012.1
2023-03-23,27.7,22.0,33.0,0.0,92,7.1,1012.7
2023-03-24,27.8,22.0,33.0,0.0,88,9.0,1011.8
2023-03-25,27.6,23.0,33.0,0.5,42,8.3,1011.0
2023-03-26,27.3,21.0,33.0,0.4,90,7.1,1010.8
2023-03-27,27.6,23.0,32.0,0.3,95,8.8,1011.3
2023-03-28,27.6,22.0,33.0,0.2,76,8.5,1011.5
2023-03-29,28.4,25.0,33.0,0.2,107,9.1,1010.8
2023-03-30,28.8,23.0,35.0,0.0,62,10.8,1011.1
2023-03-31,27.9,23.0,34.0,0.0,98,7.4,1011.9
2023-04-01,27.7,20.0,36.0,0.0,93,9.0,1011.7
2023-04-02,27.5,22.0,33.0,0.0,30,8.7,1010.4
2023-04-03,27.3,20.0,34.0,0.0,123,8.2,1009.3
2023-04-04,27.3,22.0,32.0,0.0,103,8.2,1009.2
2023-04-05,27.8,22.0,33.0,0.0,109,8.8,1009.5
2023-04-06,27.8,22.0,34.0,0.0,132,9.7,1010.7
2023-04-07,27.7,22.0,33.0,0.0,116,8.2,1010.5
2023-04-08,28.0,23.0,34.0,0.0,124,7.0,1010.7
2023-04-09,29.0,27.0,33.0,0.7,351,10.4,1011.1
2023-04-10,29.3,26.0,34.0,0.0,62,12.2,1011.2
2023-04-11,27.8,20.0,35.0,0.0,119,8.8,1010.7
2023-04-12,28.4,23.0,33.0,0.1,123,7.7,1009.7
2023-04-13,28.1,25.0,32.0,0.0,116,7.2,1009.0
2023-04-14,28.5,23.0,34.0,0.0,182,7.3,1009.4
2023-04-15,29.1,24.0,35.0,1.0,106,9.6,1010.8
2023-04-16,28.4,24.0,33.0,1.1,121,8.7,1011.2
2023-04-17,27.7,23.0,32.0,5.3,247,8.1,1010.5
2023-04-18,27.8,24.0,33.0,5.1,227,7.6,1009.9
2023-04-19,28.8,24.0,33.0,8.4,185,8.5,1010.1
2023-04-20,29.0,27.0,33.0,1.7,251,10.4,1011.7
2023-04-21,28.4,25.0,33.0,1.7,137,8.8,1010.8
2023-04-22,28.0,24.0,32.0,0.9,185,8.8,1009.1
2023-04-23,28.7,25.0,33.0,7.7,114,7.9,1009.8
2023-04-24,28.1,23.0,33.0,0.4,37,10.8,1010.5
2023-04-25,27.8,23.0,32.0,2.2,252,8.2,1010.0
2023-04-26,28.9,26.0,34.0,1.2,99,7.6,1010.1
2023-04-27,28.2,25.0,32.0,3.4,131,5.5,1010.4
2023-04-28,28.3,24.0,32.0,0.9,223,7.7,1010.5
2023-04-29,27.3,24.0,30.0,0.3,219,6.5,1011.1
2023-04-30,28.5,24.0,33.0,2.8,234,8.5,1010.8
2023-05-01,28.4,25.0,33.0,10.7,114,6.7,1010.1
2023-05-02,27.5,25.0,31.0,1.0,75,6.7,1009.2
2023-05-03,28.5,24.0,34.0,0.8,344,9.3,1007.9
2023-05-04,29.0,24.0,35.0,0.0,103,8.0,1008.2
2023-05-05,29.6,25.0,35.0,0.0,106,7.4,1009.3
2023-05-06,29.3,24.0,35.0,0.0,161,7.3,1009.9
2023-05-07,29.7,24.0,37.0,0.0,56,8.9,1009.5
2023-05-08,29.1,23.0,35.0,0.0,74,7.3,1009.7
2023-05-09,29.0,24.0,34.0,0.3,105,7.4,1010.3
2023-05-10,29.3,26.0,33.0,0.4,242,9.0,1010.6
2023-05-11,29.7,26.0,35.0,0.6,147,8.8,1009.9
2023-05-12,29.4,26.0,34.0,4.5,267,9.7,1009.3
2023-05-13,28.6,24.0,34.0,18.9,84,8.1,1009.4
2023-05-14,29.0,25.0,34.0,4.6,81,7.5,1011.0
2023-05-15,29.3,23.0,35.0,1.7,346,9.0,1012.5
2023-05-16,28.8,25.0,34.0,5.5,75,9.0,1012.2
2023-05-17,29.4,25.0,34.0,1.2,109,7.1,1010.4
2023-05-18,29.6,25.0,34.0,2.9,142,8.2,1010.0
2023-05-19,30.1,26.0,35.0,0.5,228,9.1,1010.6
2023-05-20,30.1,25.0,38.0,0.0,1,8.9,1010.0
2023-05-21,29.5,25.0,34.0,0.0,107,8.2,1010.3
2023-05-22,29.3,26.0,35.0,0.6,125,8.6,1010.3
2023-05-23,29.4,26.0,33.0,1.9,178,8.0,1010.0
2023-05-24,28.8,24.0,33.0,6.4,146,8.0,1009.1
2023-05-25,28.7,24.0,34.0,16.2,167,10.3,1008.0
2023-05-26,27.3,24.0,32.0,2.1,100,6.2,1010.0
2023-05-27,28.6,25.0,34.0,0.0,88,7.3,1011.2
2023-05-28,28.8,25.0,33.0,2.7,54,7.3,1011.6
2023-05-29,29.8,26.0,35.0,25.2,57,8.7,1010.3
2023-05-30,27.8,24.0,32.0,12.9,36,7.6,1010.0
2023-05-31,26.4,24.0,30.0,3.3,90,5.0,1011.1
2023-06-01,28.5,24.0,34.0,2.0,175,8.7,1010.3
2023-06-02,29.0,25.0,33.0,4.0,235,9.0,1009.0
2023-06-03,29.1,25.0,33.0,5.4,226,9.8,1007.6
2023-06-04,29.3,26.0,33.0,12.5,136,7.9,1008.5
2023-06-05,27.4,24.0,31.0,4.1,78,6.7,1010.8
2023-06-06,29.0,25.0,33.0,6.3,100,7.5,1010.8
2023-06-07,26.3,22.0,31.0,4.7,49,6.1,1011.5
2023-06-08,27.9,23.0,32.0,8.5,190,7.0,1011.4
2023-06-09,28.4,25.0,32.0,2.8,65,6.9,1011.5
2023-06-10,28.2,25.0,32.0,2.2,84,5.4,1010.9
2023-06-11,29.3,26.0,33.0,17.4,157,8.3,1010.8
2023-06-12,29.0,26.0,34.0,1.5,156,7.0,1010.0
2023-06-13,28.5,25.0,33.0,7.1,110,8.4,1009.7
2023-06-14,29.3,25.0,34.0,3.6,108,8.7,1009.5
2023-06-15,28.2,23.0,34.0,15.2,77,7.7,1010.1
2023-06-16,28.2,24.0,34.0,0.2,42,7.6,1011.1
2023-06-17,27.5,22.0,33.0,2.0,93,7.7,1010.2
2023-06-18,26.8,22.0,33.0,0.3,84,8.6,1009.5
2023-06-19,28.9,25.0,33.0,0.0,68,7.7,1009.9
2023-06-20,29.0,25.0,33.0,15.5,25,7.7,1009.2
2023-06-21,28.7,25.0,32.0,19.6,333,10.1,1008.9
2023-06-22,27.8,24.0,33.0,16.1,90,8.1,1010.3
2023-06-23,28.3,24.0,34.0,16.4,83,9.2,1011.4
2023-06-24,28.4,25.0,34.0,22.5,31,7.5,1011.4
2023-06-25,29.4,25.0,35.0,6.1,76,6.9,1010.6
2023-06-26,27.6,23.0,33.0,24.6,85,8.4,1010.3
2023-06-27,26.0,23.0,30.0,27.1,79,6.3,1011.2
2023-06-28,28.3,25.0,32.0,8.6,112,6.2,1009.9
2023-06-29,27.8,24.0,32.0,0.3,9,6.9,1009.8
2023-06-30,29.4,25.0,34.0,0.0,352,8.8,1009.9
2023-07-01,28.1,22.0,34.0,13.5,81,8.9,1010.4
2023-07-02,26.0,23.0,30.0,2.0,336,6.6,1011.2
2023-07-03,27.6,24.0,33.0,4.2,95,6.0,1011.4
2023-07-04,27.0,24.0,31.0,12.6,28,7.5,1012.2
2023-07-05,28.1,24.0,33.0,0.0,112,7.2,1011.7
2023-07-06,28.6,25.0,32.0,8.9,122,6.2,1011.5
2023-07-07,27.8,24.0,32.0,21.6,71,9.7,1010.4
2023-07-08,27.8,25.0,33.0,20.5,59,6.9,1011.0
2023-07-09,28.8,25.0,34.0,3.8,76,6.6,1010.8
2023-07-10,29.2,25.0,33.0,1.7,78,6.6,1010.7
2023-07-11,29.8,26.0,35.0,0.0,84,6.4,1010.4
2023-07-12,29.5,25.0,34.0,12.5,102,6.7,1010.0
2023-07-13,27.6,23.0,34.0,3.8,35,8.9,1009.5
2023-07-14,28.8,23.0,36.0,21.3,82,8.9,1008.8
2023-07-15,27.3,23.0,34.0,11.1,45,8.2,1010.1
2023-07-16,28.1,23.0,34.0,3.6,76,5.8,1010.5
2023-07-17,29.0,24.0,34.0,0.0,61,6.7,1010.6
2023-07-18,29.7,24.0,35.0,0.0,70,7.5,1011.2
2023-07-19,30.3,26.0,36.0,0.0,43,10.0,1011.0
2023-07-20,30.5,27.0,36.0,0.3,35,9.3,1010.1
2023-07-21,29.8,25.0,35.0,1.3,29,10.3,1009.3
2023-07-22,28.5,22.0,34.0,32.5,87,9.2,1010.3
2023-07-23,28.8,24.0,35.0,15.3,57,7.2,1011.7
2023-07-24,28.7,26.0,32.0,2.5,42,6.0,1013.0
2023-07-25,30.2,26.0,35.0,0.0,74,9.4,1012.3
2023-07-26,29.7,25.0,34.0,1.1,11,8.3,1011.2
2023-07-27,30.0,27.0,35.0,0.1,42,9.0,1010.8
2023-07-28,28.1,24.0,33.0,15.7,307,11.5,1010.8
2023-07-29,27.8,25.0,32.0,8.4,107,6.9,1011.3
2023-07-30,28.2,24.0,34.0,11.1,59,9.5,1011.3
2023-07-31,28.0,23.0,33.0,17.6,73,10.3,1011.8
2023-08-01,26.5,23.0,32.0,20.7,47,7.9,1012.8
2023-08-02,28.3,24.0,33.0,0.3,81,8.2,1012.7
2023-08-03,28.2,23.0,32.0,2.7,51,6.3,1012.0
2023-08-04,29.4,25.0,34.0,0.0,83,7.5,1010.9
2023-08-05,29.9,26.0,35.0,0.0,67,8.6,1011.0
2023-08-06,28.8,23.0,33.0,0.0,109,8.4,1011.8
2023-08-07,28.5,23.0,34.0,0.1,108,6.8,1012.5
2023-08-08,28.7,25.0,33.0,13.8,91,7.0,1012.2
2023-08-09,29.1,24.0,33.0,0.2,62,7.1,1011.8
2023-08-10,29.4,26.0,33.0,9.5,239,8.5,1011.0
2023-08-11,28.4,27.0,31.0,5.8,311,5.4,1011.1
2023-08-12,28.8,24.0,34.0,30.5,33,10.9,1010.0
2023-08-13,27.0,24.0,33.0,3.5,72,7.2,1010.3
2023-08-14,28.3,22.0,34.0,36.1,100,9.1,1010.3
2023-08-15,26.5,22.0,32.0,5.2,62,6.9,1012.1
2023-08-16,27.9,23.0,33.0,1.2,123,7.4,1010.7
2023-08-17,28.8,25.0,34.0,11.9,63,7.3,1010.6
2023-08-18,28.3,24.0,33.0,0.7,84,6.4,1010.3
2023-08-19,28.7,25.0,32.0,0.6,344,8.0,1009.7
2023-08-20,28.4,25.0,33.0,1.0,60,7.9,1008.7
2023-08-21,27.5,24.0,32.0,2.4,199,9.2,1008.3
2023-08-22,27.5,23.0,32.0,2.4,20,8.2,1007.3
2023-08-23,26.5,24.0,31.0,15.9,95,7.4,1008.0
2023-08-24,25.5,24.0,29.0,6.4,99,6.7,1009.0
2023-08-25,26.8,24.0,31.0,14.0,96,5.5,1007.2
2023-08-26,28.3,24.0,32.0,1.4,199,6.5,1009.1
2023-08-27,27.8,26.0,31.0,4.1,181,6.1,1008.6
2023-08-28,28.0,26.0,32.0,10.6,115,6.3,1010.2
2023-08-29,28.0,25.0,31.0,3.5,76,5.9,1010.6
2023-08-30,28.9,26.0,33.0,0.8,99,6.1,1010.0
2023-08-31,28.7,24.0,34.0,6.4,89,7.7,1009.3
2023-09-01,28.0,24.0,34.0,20.2,38,11.5,1010.3
2023-09-02,28.0,23.0,34.0,20.3,72,7.8,1010.6
2023-09-03,26.7,23.0,32.0,8.7,86,8.1,1011.3
2023-09-04,27.4,23.0,33.0,7.0,96,7.6,1010.7
2023-09-05,28.0,23.0,33.0,1.7,88,9.0,1011.0
2023-09-06,28.2,23.0,33.0,0.1,33,6.7,1010.7
2023-09-07,28.9,22.0,33.0,1.3,354,9.3,1009.9
2023-09-08,27.5,23.0,33.0,4.2,69,8.3,1009.8
2023-09-09,28.5,24.0,33.0,1.4,21,8.3,1010.4
2023-09-10,28.3,24.0,33.0,3.0,33,10.0,1011.0
2023-09-11,28.3,24.0,33.0,2.3,54,7.5,1011.3
2023-09-12,28.9,24.0,33.0,5.3,68,8.3,1010.3
2023-09-13,27.9,24.0,34.0,0.3,18,8.1,1010.0
2023-09-14,27.6,24.0,34.0,8.2,19,8.4,1009.7
2023-09-15,27.7,24.0,33.0,7.9,65,6.5,1010.5
2023-09-16,28.7,24.0,34.0,2.5,62,7.1,1010.2
2023-09-17,27.4,23.0,33.0,17.4,46,8.2,1010.8
2023-09-18,27.6,24.0,32.0,0.5,66,7.3,1010.6
2023-09-19,28.5,24.0,33.0,1.3,88,6.2,1009.7
2023-09-20,27.0,22.0,32.0,1.0,88,8.1,1010.2
2023-09-21,27.8,23.0,34.0,5.0,53,6.9,1010.2
2023-09-22,29.2,24.0,35.0,0.5,64,8.1,1009.0
2023-09-23,29.4,25.0,33.0,1.4,49,7.5,1008.9
2023-09-24,27.8,22.0,34.0,12.0,58,7.9,1009.5
2023-09-25,29.1,24.0,35.0,0.3,64,9.0,1010.4
2023-09-26,29.1,24.0,34.0,3.6,112,7.1,1011.0
2023-09-27,28.8,25.0,34.0,13.4,51,5.8,1009.8
2023-09-28,29.2,24.0,34.0,11.2,104,6.4,1008.5
2023-09-29,28.9,25.0,36.0,8.1,66,8.3,1008.6
2023-09-30,29.0,24.0,34.0,5.1,76,6.4,1009.6
2023-10-01,28.5,26.0,34.0,1.5,37,8.8,1009.6
2023-10-02,28.2,24.0,34.0,1.4,37,10.0,1009.2
2023-10-03,27.7,25.0,32.0,15.4,75,6.4,1008.9
2023-10-04,27.8,24.0,33.0,10.3,84,8.6,1009.8
2023-10-05,28.2,25.0,32.0,3.9,91,6.8,1010.4
2023-10-06,28.4,25.0,34.0,22.4,88,6.7,1010.6
2023-10-07,28.5,25.0,34.0,12.1,124,6.0,1010.5
2023-10-08,28.2,25.0,32.0,5.0,60,7.6,1010.1
2023-10-09,27.7,24.0,32.0,21.8,102,7.4,1009.7
2023-10-10,27.4,25.0,31.0,23.6,81,6.3,1009.5
2023-10-11,27.6,25.0,32.0,26.2,107,6.0,1008.3
2023-10-12,26.5,24.0,31.0,3.9,113,7.0,1008.7
2023-10-13,27.7,25.0,31.0,1.8,118,7.0,1009.2
2023-10-14,26.7,24.0,31.0,1.3,86,5.4,1010.0
2023-10-15,27.4,25.0,31.0,21.1,102,5.3,1011.1
2023-10-16,26.9,24.0,32.0,15.6,100,6.5,1010.6
2023-10-17,27.7,23.0,33.0,0.3,30,10.5,1010.2
2023-10-18,28.7,24.0,34.0,0.2,20,11.4,1009.7
2023-10-19,28.4,24.0,33.0,1.0,36,9.4,1010.0
2023-10-20,27.8,24.0,32.0,15.1,29,8.1,1010.8
2023-10-21,26.9,24.0,31.0,5.3,74,6.6,1011.2
2023-10-22,27.9,23.0,33.0,0.0,68,7.7,1010.2
2023-10-23,27.9,25.0,31.0,1.8,319,7.4,1010.0
2023-10-24,27.2,24.0,31.0,10.8,274,8.1,1010.2
2023-10-25,26.7,24.0,32.0,9.0,69,5.3,1009.8
2023-10-26,27.1,25.0,31.0,13.3,83,5.2,1008.9
2023-10-27,27.3,25.0,31.0,8.6,73,6.4,1008.6
2023-10-28,27.5,25.0,32.0,23.2,103,7.1,1008.9
2023-10-29,26.7,25.0,30.0,14.9,79,7.4,1008.6
2023-10-30,26.2,24.0,29.0,16.9,83,9.7,1008.8
2023-10-31,23.9,23.0,26.0,64.2,69,15.0,1008.0
2023-11-01,25.7,22.0,30.0,59.5,31,14.5,1010.4
2023-11-02,26.4,22.0,32.0,0.3,79,7.6,1010.8
2023-11-03,27.6,24.0,33.0,10.3,348,8.0,1009.5
2023-11-04,27.7,24.0,32.0,18.1,40,9.0,1007.5
2023-11-05,27.2,25.0,30.0,5.2,100,6.0,1008.7
2023-11-06,26.8,25.0,32.0,17.5,74,5.5,1009.7
2023-11-07,27.5,24.0,33.0,2.1,72,6.2,1010.1
2023-11-08,27.5,24.0,33.0,4.8,352,6.6,1009.7
2023-11-09,27.9,24.0,34.0,0.8,85,6.3,1009.0
2023-11-10,27.9,23.0,33.0,0.4,6,8.1,1008.6
2023-11-11,28.5,24.0,35.0,0.5,49,7.6,1008.7
2023-11-12,28.5,24.0,35.0,18.0,42,8.7,1009.0
2023-11-13,28.1,24.0,34.0,12.4,96,6.1,1008.6
2023-11-14,26.6,24.0,33.0,17.4,33,5.9,1008.7
2023-11-15,28.2,24.0,34.0,10.3,53,7.4,1008.2
2023-11-16,28.0,24.0,34.0,3.4,14,7.9,1008.3
2023-11-17,27.7,23.0,34.0,0.0,34,6.8,1009.7
2023-11-18,27.3,24.0,31.0,1.2,42,6.9,1010.9
2023-11-19,26.4,20.0,33.0,0.0,52,7.0,1011.8
2023-11-20,26.7,23.0,32.0,0.0,59,7.1,1011.4
2023-11-21,26.1,22.0,31.0,0.0,73,6.5,1010.9
2023-11-22,26.5,22.0,33.0,0.5,81,5.6,1010.5
2023-11-23,27.0,22.0,33.0,0.0,21,6.8,1011.0
2023-11-24,27.9,24.0,33.0,0.8,68,6.0,1011.8
2023-11-25,27.8,24.0,33.0,1.4,75,6.6,1011.1
2023-11-26,27.9,24.0,34.0,0.0,78,5.7,1009.8
2023-11-27,28.5,24.0,34.0,0.0,54,7.7,1010.1
2023-11-28,29.0,25.0,35.0,0.0,16,7.0,1010.8
2023-11-29,27.6,22.0,34.0,0.0,56,7.6,1011.1
2023-11-30,28.2,24.0,35.0,0.0,49,9.3,1010.1
2023-12-01,26.9,23.0,33.0,0.0,86,5.2,1010.4
2023-12-02,27.3,23.0,33.0,0.0,93,6.0,1010.3
2023-12-03,27.4,23.0,33.0,0.0,78,5.8,1010.2
2023-12-04,28.3,23.0,34.0,2.8,72,5.6,1009.7
2023-12-05,29.1,24.0,36.0,0.0,54,7.3,1010.0
2023-12-06,29.0,23.0,35.0,0.0,31,12.5,1010.6
2023-12-07,28.4,25.0,34.0,0.0,43,12.9,1010.7
2023-12-08,28.3,25.0,34.0,0.0,51,10.4,1009.9
2023-12-09,27.5,24.0,34.0,0.0,45,9.7,1009.9
2023-12-10,27.5,23.0,35.0,0.0,20,10.2,1008.6
2023-12-11,30.1,24.0,35.0,1.1,22,18.1,1008.1
2023-12-12,29.9,26.0,35.0,0.0,25,19.3,1008.6
2023-12-13,29.8,26.0,35.0,0.0,25,19.1,1008.7
2023-12-14,29.2,24.0,36.0,0.3,30,13.0,1008.7
2023-12-15,28.0,24.0,34.0,0.0,29,10.3,1008.8
2023-12-16,27.5,22.0,34.0,0.1,15,7.6,1009.9
2023-12-17,28.2,23.0,34.0,0.0,22,15.1,1010.4
2023-12-18,27.3,24.0,32.0,0.0,16,21.9,1010.9
2023-12-19,26.8,24.0,32.0,0.0,13,28.1,1011.4
2023-12-20,26.9,23.0,33.0,0.0,14,23.0,1011.2
2023-12-21,27.1,22.0,33.0,0.0,18,20.2,1011.1
2023-12-22,28.3,24.0,34.0,0.0,0,14.4,1010.6
2023-12-23,27.9,24.0,33.0,0.0,356,10.9,1011.1
2023-12-24,26.8,22.0,33.0,0.0,41,7.5,1011.2
2023-12-25,26.7,21.0,33.0,0.0,52,8.5,1012.2
2023-12-26,26.3,22.0,32.0,0.0,53,7.4,1011.7
2023-12-27,26.5,22.0,32.0,0.3,96,7.3,1012.3
2023-12-28,26.4,21.0,33.0,0.0,36,7.0,1011.8
2023-12-29,26.8,23.0,32.0,1.2,112,5.8,1013.2
2023-12-30,27.3,23.0,34.0,0.4,21,8.2,1014.0
2023-12-31,27.3,24.0,34.0,0.0,30,14.4,1014.4
2024-01-01,27.3,22.0,32.0,0.0,31,9.6,1013.5
2024-01-02,28.3,24.0,35.0,0.6,27,10.4,1012.9
2024-01-03,26.7,21.0,32.0,0.0,26,8.8,1012.7
2024-01-04,26.5,21.0,32.0,0.3,61,7.1,1013.0
2024-01-05,26.0,21.0,32.0,0.0,105,6.9,1011.8
2024-01-06,25.9,21.0,32.0,0.0,86,7.1,1010.8
2024-01-07,26.2,20.0,32.0,0.0,79,6.9,1010.4
2024-01-08,26.5,20.0,35.0,0.0,49,10.3,1010.0
2024-01-09,26.1,21.0,33.0,0.0,21,7.6,1010.8
2024-01-10,26.7,22.0,33.0,0.0,39,7.5,1011.1
2024-01-11,26.6,22.0,32.0,0.0,117,7.0,1011.6
2024-01-12,26.4,21.0,33.0,0.0,112,6.9,1011.5
2024-01-13,26.8,21.0,33.0,0.0,83,7.3,1011.1
2024-01-14,27.7,24.0,35.0,0.0,73,7.1,1011.2
2024-01-15,27.0,22.0,33.0,0.0,61,6.8,1010.8
2024-01-16,27.6,22.0,35.0,0.0,5,9.0,1009.8
2024-01-17,30.4,25.0,36.0,0.0,47,13.4,1010.3
2024-01-18,28.9,24.0,35.0,0.0,55,10.5,1010.8
2024-01-19,28.1,22.0,33.0,0.0,45,7.0,1010.7
2024-01-20,28.8,22.0,35.0,1.2,45,12.7,1010.6
2024-01-21,29.1,25.0,36.0,0.0,42,15.3,1011.5
2024-01-22,29.0,24.0,36.0,0.0,49,12.5,1011.0
2024-01-23,27.3,21.0,33.0,0.0,33,8.8,1010.6
2024-01-24,27.9,22.0,35.0,0.0,96,8.1,1010.5
2024-01-25,28.0,23.0,34.0,0.0,85,7.5,1010.8
2024-01-26,28.0,24.0,34.0,0.0,87,7.5,1011.5
2024-01-27,28.2,23.0,33.0,0.6,81,6.6,1012.3
2024-01-28,28.5,22.0,34.0,0.0,103,7.8,1012.1
2024-01-29,30.2,25.0,35.0,0.0,16,21.6,1012.3
2024-01-30,28.3,24.0,35.0,0.0,23,19.4,1012.6
2024-01-31,28.4,25.0,35.0,0.0,22,19.4,1012.5
2024-02-01,27.6,24.0,34.0,0.0,12,17.6,1012.6
2024-02-02,26.8,22.0,33.0,0.0,74,9.6,1011.5
2024-02-03,25.7,21.0,30.0,0.0,227,7.4,1010.2
2024-02-04,25.7,19.0,31.0,0.0,255,11.6,1008.1
2024-02-05,26.8,21.0,32.0,0.0,276,10.6,1008.3
2024-02-06,28.8,25.0,35.0,0.0,17,18.4,1010.3
2024-02-07,26.3,21.0,34.0,0.0,25,16.8,1012.6
2024-02-08,25.8,19.0,33.0,0.0,69,9.6,1012.3
2024-02-09,25.3,20.0,32.0,0.0,45,8.6,1011.3
2024-02-10,25.2,20.0,33.0,0.0,70,7.9,1011.5
2024-02-11,25.8,19.0,33.0,0.0,94,8.0,1010.7
2024-02-12,27.5,22.0,32.0,0.0,21,8.7,1010.7
2024-02-13,28.7,24.0,36.0,0.5,19,8.8,1011.0
2024-02-14,29.0,24.0,34.0,0.0,77,11.0,1010.6
2024-02-15,28.6,22.0,34.0,0.0,58,11.6,1011.2
2024-02-16,28.5,22.0,35.0,0.0,48,10.2,1010.2
2024-02-17,27.4,22.0,33.0,0.0,227,9.0,1009.8
2024-02-18,27.7,21.0,33.0,0.0,72,8.6,1010.4
2024-02-19,30.4,27.0,37.0,0.0,16,17.8,1012.7
2024-02-20,30.3,26.0,36.0,0.0,8,26.3,1014.8
2024-02-21,29.2,24.0,36.0,0.0,6,25.7,1014.0
2024-02-22,26.7,20.0,34.0,0.0,58,12.0,1012.6
2024-02-23,24.3,16.0,30.0,0.0,128,9.3,1011.3
2024-02-24,25.9,19.0,34.0,0.0,67,7.8,1013.1
2024-02-25,27.6,23.0,34.0,0.0,46,12.4,1013.9
2024-02-26,27.0,20.0,34.0,0.0,62,10.5,1013.6
2024-02-27,28.4,24.0,35.0,0.0,6,12.8,1011.1
2024-02-28,27.2,21.0,32.0,0.0,97,8.6,1011.2
2024-02-29,26.5,19.0,32.0,0.0,115,9.1,1012.3
2024-03-01,27.0,21.0,32.0,0.0,144,8.5,1013.1
2024-03-02,27.1,21.0,32.0,0.8,167,8.9,1013.4
2024-03-03,27.8,23.0,33.0,1.0,233,9.9,1012.4
2024-03-04,27.6,24.0,33.0,0.0,140,8.5,1011.0
2024-03-05,26.6,20.0,33.0,0.0,152,8.8,1010.1
2024-03-06,26.6,20.0,33.0,0.0,189,9.6,1009.7
2024-03-07,27.6,23.0,33.0,0.0,189,7.5,1010.1
2024-03-08,26.9,21.0,33.0,0.0,224,9.1,1010.9
2024-03-09,26.4,20.0,33.0,0.0,186,8.4,1010.9
2024-03-10,26.7,21.0,33.0,0.0,157,7.9,1010.8
2024-03-11,28.9,22.0,36.0,0.0,103,8.4,1011.4
2024-03-12,30.2,25.0,37.0,0.0,68,12.0,1011.3
2024-03-13,27.5,21.0,33.0,0.0,160,8.1,1010.3
2024-03-14,28.0,21.0,34.0,0.0,111,8.2,1009.5
2024-03-15,28.2,22.0,34.0,0.0,135,8.3,1009.0
2024-03-16,28.7,23.0,33.0,0.0,175,9.4,1008.6
2024-03-17,29.2,25.0,34.0,0.4,202,8.4,1007.7
2024-03-18,29.4,24.0,34.0,1.2,172,9.8,1008.5
2024-03-19,29.5,24.0,35.0,0.0,162,8.3,1009.5
2024-03-20,29.9,25.0,35.0,0.1,121,8.9,1010.9
2024-03-21,29.4,25.0,34.0,0.0,158,8.5,1011.1
2024-03-22,28.4,24.0,33.0,0.3,177,8.4,1010.3
2024-03-23,29.1,25.0,34.0,0.0,189,9.8,1010.3
2024-03-24,29.4,25.0,34.0,2.1,192,8.5,1009.0
2024-03-25,29.5,25.0,34.0,0.0,259,10.6,1009.8
2024-03-26,29.0,23.0,35.0,0.0,219,10.9,1010.3
2024-03-27,26.9,21.0,32.0,0.0,192,10.0,1010.7
2024-03-28,27.6,22.0,32.0,0.7,230,10.1,1011.8
2024-03-29,30.6,26.0,36.0,0.0,41,11.1,1011.0
2024-03-30,29.5,24.0,36.0,0.0,124,9.5,1011.5
2024-03-31,28.7,23.0,33.0,0.0,169,8.3,1011.5
2024-04-01,28.8,25.0,33.0,0.4,177,9.3,1012.5
2024-04-02,29.0,24.0,34.0,0.6,184,10.4,1011.3
2024-04-03,29.0,25.0,34.0,0.1,238,13.9,1010.0
2024-04-04,29.0,25.0,34.0,2.7,247,9.6,1010.2
2024-04-05,29.4,26.0,35.0,0.3,104,9.5,1011.3
2024-04-06,29.9,25.0,36.0,0.0,148,9.5,1010.9
2024-04-07,29.8,24.0,35.0,0.3,203,10.1,1009.5
2024-04-08,29.5,24.0,35.0,1.4,162,8.4,1009.5
2024-04-09,29.1,24.0,34.0,0.0,150,8.6,1009.3
2024-04-10,27.2,25.0,31.0,2.0,135,5.7,1009.5
2024-04-11,28.2,23.0,35.0,0.6,124,9.1,1009.9
2024-04-12,30.8,24.0,38.0,0.0,29,13.5,1010.8
2024-04-13,32.0,28.0,39.0,0.0,28,20.1,1011.6
2024-04-14,31.1,26.0,37.0,0.0,48,14.3,1009.6
2024-04-15,30.5,26.0,37.0,0.0,82,10.6,1009.0
2024-04-16,29.7,25.0,34.0,0.9,146,8.1,1009.6
2024-04-17,29.4,24.0,34.0,1.7,198,10.3,1006.0
2024-04-18,29.9,27.0,34.0,6.4,172,9.9,1010.5
2024-04-19,27.5,25.0,32.0,4.6,60,5.4,1011.0
2024-04-20,28.3,26.0,33.0,1.7,272,8.1,1011.5
2024-04-21,28.4,26.0,32.0,14.6,120,6.3,1011.1
2024-04-22,28.3,24.0,33.0,5.9,92,10.1,1010.1
2024-04-23,28.2,24.0,33.0,4.3,122,7.5,1011.1
2024-04-24,29.6,25.0,34.0,2.2,133,7.9,1011.1
2024-04-25,30.2,27.0,36.0,6.7,21,13.3,1010.3
2024-04-26,29.0,25.0,34.0,1.5,141,8.5,1009.8
2024-04-27,29.3,25.0,33.0,2.2,229,10.8,1010.1
2024-04-28,28.1,25.0,32.0,1.3,87,5.9,1010.2
2024-04-29,28.7,26.0,32.0,2.0,125,7.0,1010.2
2024-04-30,28.6,24.0,33.0,2.8,163,7.1,1009.2
2024-05-01,29.2,26.0,33.0,7.3,222,8.1,1008.3
2024-05-02,29.3,26.0,33.0,3.3,236,8.7,1007.8
2024-05-03,29.6,26.0,33.0,1.0,224,11.5,1007.3
2024-05-04,29.9,26.0,35.0,6.4,217,8.6,1007.8
2024-05-05,29.1,26.0,33.0,4.4,129,7.1,1009.1
2024-05-06,29.0,25.0,33.0,0.7,163,6.9,1009.4
2024-05-07,29.7,26.0,34.0,0.6,197,6.4,1008.2
2024-05-08,29.9,26.0,34.0,2.0,208,7.0,1008.3
2024-05-09,28.5,25.0,33.0,4.1,146,6.5,1009.1
2024-05-10,28.5,24.0,33.0,1.8,135,7.3,1009.0
2024-05-11,28.9,25.0,33.0,1.7,161,6.8,1009.0
2024-05-12,29.7,26.0,34.0,0.2,202,8.3,1008.7
2024-05-13,27.7,26.0,30.0,7.2,107,6.4,1009.7
2024-05-14,28.9,24.0,34.0,0.0,138,7.1,1008.9
2024-05-15,29.1,24.0,34.0,1.0,130,6.7,1009.5
2024-05-16,28.8,26.0,34.0,4.0,114,6.8,1009.8
2024-05-17,27.5,24.0,32.0,13.5,125,6.8,1010.4
2024-05-18,28.8,25.0,33.0,2.8,135,7.4,1010.6
2024-05-19,29.4,25.0,34.0,1.2,171,6.9,1009.6
2024-05-20,29.0,24.0,34.0,7.4,270,8.6,1008.2
2024-05-21,28.3,24.0,33.0,2.8,189,6.3,1008.5
2024-05-22,29.1,26.0,33.0,12.7,121,7.4,1010.0
2024-05-23,28.9,24.0,32.0,5.2,194,9.3,1010.8
2024-05-24,28.3,24.0,33.0,1.3,126,6.2,1010.7
2024-05-25,28.7,25.0,33.0,2.0,120,5.3,1010.2
2024-05-26,29.5,26.0,33.0,3.2,140,6.2,1010.7
2024-05-27,29.5,25.0,34.0,2.6,132,7.0,1011.2
2024-05-28,28.3,24.0,33.0,18.7,95,8.6,1011.6
2024-05-29,28.0,24.0,33.0,22.3,116,8.2,1011.8
2024-05-30,28.8,24.0,35.0,1.1,73,7.0,1010.6
2024-05-31,29.1,26.0,33.0,21.9,97,5.9,1009.9
2024-06-01,28.7,25.0,32.0,27.6,134,6.2,1009.4
2024-06-02,29.1,25.0,33.0,22.8,186,8.5,1009.8
2024-06-03,29.0,25.0,34.0,25.1,21,8.8,1009.3
2024-06-04,27.6,25.0,30.0,5.4,221,7.3,1009.4
2024-06-05,27.1,24.0,32.0,6.2,160,7.4,1009.3
2024-06-06,27.4,24.0,31.0,6.2,95,6.6,1009.6
2024-06-07,27.7,25.0,31.0,9.9,102,6.6,1006.3
2024-06-08,27.3,25.0,32.0,19.6,76,5.6,1011.8
2024-06-09,28.0,25.0,32.0,16.9,186,7.0,1010.9
2024-06-10,27.5,25.0,30.0,12.7,127,7.0,1008.6
2024-06-11,27.9,25.0,32.0,13.1,103,6.8,1009.1
2024-06-12,27.0,25.0,30.0,13.6,105,6.3,1011.0
2024-06-13,27.6,25.0,31.0,2.5,277,10.3,1011.0
2024-06-14,27.8,24.0,32.0,13.3,274,14.6,1009.1
2024-06-15,26.0,25.0,28.0,19.3,71,6.9,1007.8
2024-06-16,25.0,24.0,26.0,72.4,118,8.2,1008.0
2024-06-17,25.9,24.0,28.0,69.2,229,11.7,1008.7
2024-06-18,25.2,24.0,28.0,36.0,244,4.8,1009.0
2024-06-19,25.0,24.0,27.0,129.2,98,7.0,1008.6
2024-06-20,24.0,23.0,25.0,114.2,74,8.0,1009.1
2024-06-21,24.7,23.0,27.0,33.6,66,6.3,1011.1
2024-06-22,26.8,23.0,31.0,0.0,351,7.9,1011.5
2024-06-23,27.2,24.0,30.0,6.5,315,5.4,1010.7
2024-06-24,27.2,23.0,32.0,4.7,101,6.0,1010.8
2024-06-25,27.8,23.0,33.0,18.9,102,8.3,1012.0
2024-06-26,27.0,23.0,31.0,4.5,17,7.3,1011.3
2024-06-27,27.2,23.0,31.0,19.5,287,7.7,1009.9
2024-06-28,26.3,24.0,31.0,45.5,44,6.5,1009.9
2024-06-29,25.8,24.0,29.0,24.4,73,7.2,1011.6
2024-06-30,27.4,24.0,31.0,1.7,104,6.4,1011.7
2024-07-01,28.0,25.0,32.0,0.2,359,6.1,1010.5
2024-07-02,27.6,22.0,33.0,16.3,29,9.8,1010.5
2024-07-03,27.4,23.0,33.0,3.3,33,6.6,1011.0
2024-07-04,27.7,23.0,32.0,0.0,312,9.8,1008.8
2024-07-05,26.9,24.0,31.0,13.8,68,6.3,1009.2
2024-07-06,27.0,24.0,31.0,23.7,31,7.4,1011.0
2024-07-07,26.9,23.0,31.0,26.3,89,7.8,1010.2
2024-07-08,27.4,23.0,32.0,5.5,96,6.0,1010.3
2024-07-09,27.0,24.0,32.0,8.0,74,7.1,1010.0
2024-07-10,27.2,23.0,32.0,2.4,339,9.9,1011.4
2024-07-11,28.2,23.0,33.0,0.5,41,7.5,1010.5
2024-07-12,28.9,25.0,35.0,1.6,75,7.6,1011.9
2024-07-13,29.1,24.0,35.0,3.8,67,6.8,1012.3
2024-07-14,29.6,26.0,34.0,0.0,80,7.6,1011.2
2024-07-15,28.4,25.0,33.0,0.0,2,9.9,1010.8
2024-07-16,29.0,24.0,34.0,0.4,7,9.4,1010.9
2024-07-17,29.3,25.0,34.0,5.7,70,7.5,1011.3
2024-07-18,28.8,25.0,33.0,15.1,345,7.5,1011.9
2024-07-19,27.1,24.0,33.0,28.4,31,7.9,1012.0
2024-07-20,27.0,24.0,32.0,12.6,57,6.5,1011.8
2024-07-21,27.8,23.0,33.0,3.3,69,10.7,1010.7
2024-07-22,27.8,23.0,33.0,8.2,46,10.2,1009.9
2024-07-23,28.0,24.0,33.0,0.0,98,7.5,1012.0
2024-07-24,28.8,25.0,33.0,0.5,83,6.9,1013.6
2024-07-25,27.8,23.0,33.0,3.0,26,9.2,1013.0
2024-07-26,28.0,24.0,33.0,21.9,11,11.4,1010.8
2024-07-27,27.4,24.0,32.0,24.6,97,7.5,1010.3
2024-07-28,26.7,23.0,32.0,8.1,67,9.1,1011.2
2024-07-29,28.0,23.0,33.0,0.0,45,7.3,1010.8
2024-07-30,28.8,25.0,34.0,2.5,91,7.2,1010.3
2024-07-31,28.6,24.0,34.0,25.9,67,9.2,1010.9
2024-08-01,27.6,24.0,32.0,0.2,99,6.2,1012.2
2024-08-02,27.8,23.0,32.0,21.6,17,9.3,1012.5
2024-08-03,27.3,23.0,32.0,5.5,295,8.8,1011.7
2024-08-04,26.9,23.0,31.0,17.7,12,9.3,1011.9
2024-08-05,28.3,24.0,32.0,8.8,97,6.1,1012.7
2024-08-06,29.1,26.0,33.0,1.4,26,7.3,1012.0
2024-08-07,27.6,25.0,33.0,11.1,353,9.3,1010.0
2024-08-08,27.0,24.0,31.0,20.8,56,5.9,1009.8
2024-08-09,27.0,25.0,31.0,10.2,93,6.2,1012.0
2024-08-10,28.0,25.0,32.0,1.6,46,8.0,1012.7
2024-08-11,28.4,23.0,34.0,14.7,77,8.1,1011.2
2024-08-12,27.4,22.0,33.0,33.7,83,8.1,1011.4
2024-08-13,27.0,23.0,32.0,6.5,81,6.3,1011.6
2024-08-14,28.0,24.0,32.0,0.7,140,7.3,1011.0
2024-08-15,28.8,24.0,33.0,9.6,86,6.4,1010.7
2024-08-16,28.1,25.0,32.0,1.6,355,7.2,1011.1
2024-08-17,28.2,24.0,33.0,5.7,61,6.8,1010.8
2024-08-18,27.9,23.0,32.0,12.1,22,11.4,1010.6
2024-08-19,28.3,24.0,32.0,3.8,90,7.6,1011.3
2024-08-20,29.2,24.0,34.0,0.3,34,7.7,1011.2
2024-08-21,29.0,24.0,33.0,11.7,66,8.0,1011.5
2024-08-22,28.8,25.0,34.0,0.2,46,8.4,1011.1
2024-08-23,27.6,23.0,32.0,2.6,256,9.1,1012.3
2024-08-24,28.0,23.0,33.0,2.6,296,8.6,1011.8
2024-08-25,27.2,23.0,33.0,6.5,18,7.7,1012.8
2024-08-26,26.9,23.0,31.0,13.7,126,8.2,1013.1
2024-08-27,27.0,23.0,32.0,0.0,65,7.9,1012.6
2024-08-28,27.9,23.0,33.0,0.0,61,6.3,1012.6
2024-08-29,29.3,26.0,34.0,0.0,76,7.2,1012.8
2024-08-30,27.9,24.0,33.0,0.0,24,7.8,1012.7
2024-08-31,27.6,22.0,33.0,0.0,148,7.7,1012.8
2024-09-01,26.9,23.0,31.0,0.0,81,5.7,1011.8
2024-09-02,27.8,25.0,31.0,0.0,126,6.4,1010.9
2024-09-03,28.3,25.0,32.0,0.0,115,6.5,1009.8
2024-09-04,27.1,23.0,31.0,0.2,68,6.5,1010.0
2024-09-05,27.9,24.0,32.0,13.6,147,8.3,1009.0
2024-09-06,27.1,24.0,31.0,19.1,62,5.3,1008.4
2024-09-07,27.3,24.0,31.0,8.4,86,6.9,1007.7
2024-09-08,27.0,25.0,30.0,11.6,48,7.0,1008.8
2024-09-09,27.9,24.0,32.0,2.2,103,6.3,1010.6
2024-09-10,27.3,23.0,32.0,2.6,44,7.0,1009.9
2024-09-11,28.4,24.0,33.0,1.2,71,6.4,1009.0
2024-09-12,29.2,25.0,33.0,7.9,50,7.5,1009.4
2024-09-13,28.1,25.0,33.0,3.5,36,6.8,1010.2
2024-09-14,28.8,25.0,33.0,2.8,4,7.8,1009.6
2024-09-15,28.0,25.0,32.0,3.6,345,6.9,1009.7
2024-09-16,28.7,25.0,33.0,1.9,30,7.5,1009.3
2024-09-17,27.9,23.0,33.0,26.1,50,9.7,1008.8
2024-09-18,27.8,23.0,33.0,13.9,116,8.1,1008.4
2024-09-19,27.8,25.0,32.0,8.3,19,5.7,1008.3
2024-09-20,27.0,24.0,30.0,25.6,277,8.0,1008.1
2024-09-21,25.8,23.0,30.0,16.7,25,7.0,1008.7
2024-09-22,26.0,23.0,30.0,10.2,109,8.2,1008.3
2024-09-23,27.5,25.0,31.0,14.5,290,10.2,1007.8
2024-09-24,27.2,24.0,31.0,14.5,276,12.9,1008.0
2024-09-25,26.5,25.0,30.0,8.8,257,10.7,1008.7
2024-09-26,27.4,23.0,31.0,2.1,240,9.3,1010.0
2024-09-27,26.2,23.0,29.0,3.8,13,7.2,1011.0
2024-09-28,26.5,25.0,30.0,7.8,24,7.6,1010.5
2024-09-29,26.1,23.0,31.0,10.7,67,6.8,1010.0
2024-09-30,25.9,24.0,30.0,13.4,93,5.5,1010.5
2024-10-01,26.7,24.0,30.0,9.3,273,11.3,1010.0
2024-10-02,26.0,23.0,30.0,24.5,231,8.4,1009.9
2024-10-03,25.8,23.0,29.0,8.7,195,6.1,1010.9
2024-10-04,26.6,22.0,31.0,0.0,180,6.7,1011.6
2024-10-05,27.2,24.0,31.0,0.3,254,7.0,1011.8
2024-10-06,27.5,23.0,33.0,0.0,275,7.1,1011.1
2024-10-07,27.1,24.0,32.0,0.2,170,7.2,1009.8
2024-10-08,27.2,23.0,31.0,2.9,221,7.6,1008.8
2024-10-09,27.1,25.0,32.0,5.8,118,5.3,1010.9
2024-10-10,27.4,24.0,32.0,8.5,97,6.5,1011.7
2024-10-11,27.0,23.0,31.0,7.7,34,8.3,1011.3
2024-10-12,27.7,23.0,34.0,17.2,46,7.8,1011.3
2024-10-13,28.8,26.0,34.0,1.8,64,8.7,1012.4
2024-10-14,28.3,23.0,34.0,0.4,53,7.3,1013.0
2024-10-15,28.1,23.0,32.0,0.8,342,8.7,1012.1
2024-10-16,27.3,23.0,31.0,7.4,103,6.8,1010.3
2024-10-17,27.5,23.0,31.0,5.0,112,7.4,1008.8
2024-10-18,27.7,25.0,31.0,3.5,124,6.5,1009.1
2024-10-19,26.7,25.0,30.0,9.2,63,6.2,1009.5
2024-10-20,27.1,25.0,31.0,3.3,100,5.5,1010.4
2024-10-21,27.1,24.0,32.0,11.6,51,6.5,1010.1
2024-10-22,26.9,24.0,32.0,14.0,43,7.1,1010.6
2024-10-23,27.8,24.0,33.0,2.6,53,7.7,1010.8
2024-10-24,28.0,23.0,34.0,0.0,32,9.1,1009.6
2024-10-25,28.3,23.0,34.0,0.0,24,10.0,1010.5
2024-10-26,29.7,25.0,33.0,0.0,40,11.9,1010.4
2024-10-27,29.5,25.0,36.0,0.7,19,10.7,1010.0
2024-10-28,29.1,26.0,35.0,2.6,18,11.2,1009.6
2024-10-29,28.3,24.0,34.0,0.0,47,7.7,1009.8
2024-10-30,28.4,24.0,33.0,1.4,1,7.9,1010.4
2024-10-31,27.6,23.0,32.0,13.7,288,8.8,1009.5
2024-11-01,25.7,23.0,29.0,12.1,336,7.2,1009.6
2024-11-02,26.0,23.0,30.0,3.5,270,7.8,1009.6
2024-11-03,26.7,24.0,30.0,5.0,306,6.2,1008.8
2024-11-04,26.8,24.0,30.0,0.5,187,6.7,1008.9
2024-11-05,26.3,24.0,31.0,3.7,37,6.3,1008.4
2024-11-06,27.0,24.0,31.0,3.1,93,5.7,1008.9
2024-11-07,27.6,24.0,33.0,1.5,78,5.8,1009.6
2024-11-08,27.4,24.0,31.0,1.6,126,6.2,1009.5
2024-11-09,27.4,24.0,31.0,3.5,197,8.0,1009.5
2024-11-10,26.5,24.0,30.0,8.4,306,5.6,1010.6
2024-11-11,26.2,24.0,31.0,4.8,288,7.3,1010.3
2024-11-12,26.4,24.0,30.0,8.8,66,5.9,1010.2
2024-11-13,26.3,24.0,29.0,11.1,119,5.6,1010.5
2024-11-14,27.3,24.0,31.0,3.2,273,10.1,1008.2
2024-11-15,25.3,23.0,29.0,11.6,284,5.4,1008.0
2024-11-16,25.0,24.0,29.0,50.4,266,5.3,1007.7
2024-11-17,24.4,23.0,26.0,77.3,68,5.3,1009.0
2024-11-18,24.6,24.0,26.0,36.8,17,9.2,1010.0
2024-11-19,25.3,24.0,28.0,5.9,240,6.4,1011.0
2024-11-20,27.1,24.0,30.0,0.5,272,10.5,1011.6
2024-11-21,27.8,24.0,33.0,8.1,26,8.9,1011.1
2024-11-22,28.2,24.0,33.0,0.0,18,16.3,1011.6
2024-11-23,26.5,22.0,32.0,0.0,28,11.7,1011.9
2024-11-24,24.8,19.0,31.0,0.0,3,8.1,1012.6
2024-11-25,25.9,21.0,31.0,0.0,326,8.9,1012.6
2024-11-26,27.2,21.0,34.0,0.0,347,8.7,1011.5
2024-11-27,27.8,22.0,33.0,0.0,357,10.3,1009.9
2024-11-28,26.6,22.0,32.0,0.0,347,8.7,1010.0
2024-11-29,26.8,21.0,33.0,0.0,19,9.0,1010.4
2024-11-30,28.2,25.0,34.0,0.0,22,15.6,1010.5
2024-12-01,28.9,23.0,34.0,0.0,8,11.7,1011.0
2024-12-02,29.0,25.0,33.0,0.0,24,18.4,1012.3
2024-12-03,28.7,27.0,32.0,0.0,27,22.1,1012.4
2024-12-04,28.5,25.0,33.0,0.0,23,18.2,1011.6
2024-12-05,28.4,25.0,33.0,0.1,22,15.8,1011.6
2024-12-06,28.8,25.0,33.0,0.0,20,19.0,1011.3
2024-12-07,28.4,24.0,33.0,0.8,23,17.2,1011.8
2024-12-08,28.0,25.0,33.0,0.0,26,12.9,1012.0
2024-12-09,28.0,24.0,34.0,0.0,12,12.2,1010.7
2024-12-10,27.2,21.0,34.0,0.0,5,7.0,1010.1
2024-12-11,27.7,23.0,34.0,0.0,20,8.0,1011.9
2024-12-12,28.1,22.0,33.0,0.0,64,9.0,1012.8
2024-12-13,28.6,23.0,34.0,0.0,23,15.5,1012.1
2024-12-14,27.0,22.0,34.0,0.0,12,9.4,1011.5
2024-12-15,26.5,22.0,31.0,0.8,77,8.0,1011.4
2024-12-16,27.5,24.0,33.0,0.0,17,12.8,1010.7
2024-12-17,26.9,23.0,32.0,0.0,357,11.5,1011.7
2024-12-18,27.8,22.0,34.0,0.0,12,11.5,1012.2
2024-12-19,28.8,25.0,35.0,0.5,14,13.1,1011.8
2024-12-20,29.2,23.0,34.0,0.9,15,15.1,1012.2
2024-12-21,28.0,22.0,34.0,0.0,14,12.1,1012.3
2024-12-22,27.5,22.0,33.0,0.0,14,12.5,1013.7
2024-12-23,27.1,23.0,33.0,0.0,16,13.8,1013.3
2024-12-24,27.5,23.0,33.0,0.0,358,11.7,1012.3
2024-12-25,27.3,22.0,34.0,0.0,14,9.2,1010.8
2024-12-26,26.0,22.0,32.0,4.8,30,5.9,1010.5
2024-12-27,27.0,23.0,33.0,3.6,28,6.8,1010.8
2024-12-28,27.0,23.0,32.0,0.8,238,7.1,1011.1
2024-12-29,26.7,23.0,31.0,7.3,56,6.0,1011.5
2024-12-30,25.7,24.0,28.0,1.1,140,3.8,1011.1
2024-12-31,26.2,22.0,32.0,2.6,61,6.9,1010.8
2025-01-01,26.3,23.0,33.0,0.0,57,6.8,1011.8
2025-01-02,26.6,22.0,33.0,2.3,29,7.9,1012.5
2025-01-03,27.7,23.0,34.0,3.7,22,13.7,1013.4
2025-01-04,27.7,23.0,34.0,0.0,14,13.4,1012.6
2025-01-05,27.1,22.0,33.0,1.2,9,10.3,1012.4
2025-01-06,26.8,22.0,32.0,0.0,152,5.6,1011.2
2025-01-07,27.8,22.0,35.0,0.1,29,8.8,1011.7
2025-01-08,28.3,24.0,36.0,0.2,359,11.0,1011.9
2025-01-09,27.7,23.0,34.0,0.0,20,9.9,1011.2
2025-01-10,26.5,21.0,34.0,0.0,59,7.4,1011.1
2025-01-11,26.6,21.0,32.0,0.0,300,6.5,1010.9
2025-01-12,26.3,21.0,32.0,0.0,345,5.9,1011.6
2025-01-13,26.7,22.0,33.0,0.0,84,6.2,1012.9
2025-01-14,26.4,22.0,31.0,0.0,75,7.5,1013.6
2025-01-15,27.2,23.0,33.0,0.0,3,13.0,1014.0
2025-01-16,27.4,21.0,35.0,0.0,19,11.3,1015.0
2025-01-17,27.4,22.0,35.0,0.0,0,13.6,1014.0
2025-01-18,25.8,19.0,32.0,0.0,356,8.7,1013.3
2025-01-19,26.9,22.0,33.0,0.0,346,7.0,1013.0
2025-01-20,26.9,23.0,34.0,0.0,90,7.4,1012.2
2025-01-21,27.5,22.0,33.0,0.0,0,9.9,1012.6
2025-01-22,29.7,23.0,35.0,0.0,28,21.4,1012.0
2025-01-23,28.9,24.0,35.0,0.0,17,19.3,1012.5
2025-01-24,28.8,24.0,35.0,0.7,30,18.5,1012.3
2025-01-25,29.6,25.0,37.0,0.0,21,20.6,1012.5
2025-01-26,28.9,25.0,36.0,0.1,28,16.2,1012.3
2025-01-27,28.5,24.0,35.0,0.0,353,13.4,1011.0
2025-01-28,28.2,24.0,35.0,0.0,31,10.8,1010.2
2025-01-29,27.3,22.0,33.0,0.0,65,9.1,1010.7
2025-01-30,27.1,22.0,33.0,0.0,76,7.5,1011.0
2025-01-31,26.1,20.0,32.0,0.0,52,6.1,1011.3
2025-02-01,27.8,22.0,33.0,0.0,61,7.9,1010.4
2025-02-02,28.7,24.0,36.0,0.0,41,12.6,1009.9
2025-02-03,28.2,24.0,35.0,0.0,61,10.0,1010.5
2025-02-04,28.0,23.0,34.0,0.0,9,9.8,1010.4
2025-02-05,27.8,23.0,34.0,0.0,55,9.2,1010.6
2025-02-06,28.1,23.0,33.0,0.0,57,7.6,1010.9
2025-02-07,29.1,25.0,34.0,0.0,353,10.7,1010.8
2025-02-08,28.5,24.0,33.0,0.0,81,7.9,1011.6
2025-02-09,27.9,23.0,32.0,0.8,23,6.8,1012.6
2025-02-10,27.0,21.0,34.0,0.1,31,7.3,1012.3
2025-02-11,26.9,19.0,34.0,0.0,67,7.8,1010.0
2025-02-12,27.0,23.0,32.0,0.0,46,7.6,1010.1
2025-02-13,27.4,22.0,33.0,0.2,22,7.3,1012.3
2025-02-14,27.8,23.0,33.0,0.0,78,6.4,1013.6
2025-02-15,27.7,23.0,32.0,0.5,78,8.0,1012.0
2025-02-16,27.1,22.0,32.0,1.0,232,9.1,1011.6
2025-02-17,27.7,24.0,32.0,1.6,51,7.0,1011.5
2025-02-18,27.4,23.0,33.0,1.5,86,6.6,1011.4
2025-02-19,27.8,22.0,32.0,0.0,348,9.0,1011.7
2025-02-20,28.7,25.0,33.0,1.1,100,9.3,1011.4
2025-02-21,28.7,24.0,34.0,2.1,47,11.5,1012.2
2025-02-22,28.4,23.0,33.0,1.2,51,8.7,1013.1
2025-02-23,28.5,23.0,34.0,0.0,347,9.5,1012.2
2025-02-24,28.0,23.0,33.0,1.7,352,10.6,1011.2
2025-02-25,29.1,25.0,33.0,1.8,349,10.1,1010.5
2025-02-26,26.9,24.0,31.0,2.4,87,7.2,1011.7
2025-02-27,28.1,24.0,33.0,0.4,322,8.3,1011.5
2025-02-28,29.2,24.0,34.0,2.0,319,8.8,1010.8
2025-03-01,28.5,22.0,34.0,2.8,3,9.8,1010.8
2025-03-02,29.2,26.0,34.0,0.6,112,10.7,1011.4
2025-03-03,29.5,26.0,33.0,0.0,300,9.3,1011.0
2025-03-04,28.2,25.0,32.0,0.0,229,9.8,1010.8
2025-03-05,28.4,24.0,33.0,0.2,285,9.2,1010.8
2025-03-06,27.8,23.0,32.0,0.5,103,7.5,1011.4
2025-03-07,28.3,23.0,34.0,0.0,103,7.3,1012.8
2025-03-08,27.8,22.0,32.0,0.0,303,9.7,1012.3
2025-03-09,27.9,22.0,33.0,0.0,268,9.7,1012.1
2025-03-10,29.3,26.4,33.3,0.0,278,5.6,1012.4
2025-03-11,29.1,26.0,33.1,0.8,45,5.4,1012.3
2025-03-12,28.7,26.4,31.9,0.0,60,5.5,1012.9
2025-03-13,29.1,26.5,32.9,0.0,9,5.7,1013.0
2025-03-14,29.3,26.6,34.1,0.0,340,5.3,1012.4
2025-03-15,29.2,26.1,33.5,0.0,342,5.0,1012.7
2025-03-16,29.2,25.9,33.6,0.0,28,4.9,1014.7
2025-03-17,29.0,25.5,33.1,0.0,54,5.5,1015.6
